{"cameraMode":{"drawMode":0,"name":"Shaded","section":"Shading Mode"},"sceneLighting":true,"audioPlay":false,"sceneViewState":{"m_AlwaysRefresh":false,"showFog":true,"showSkybox":true,"showFlares":true,"showImageEffects":true,"showParticleSystems":true,"showVisualEffectGraphs":true,"m_FxEnabled":true},"in2DMode":false,"pivot":{"x":-12.310054779052735,"y":8.811701774597168,"z":46.94997024536133},"rotation":{"x":-0.20211803913116456,"y":-0.12420021742582321,"z":0.025849992409348489,"w":-0.9711154699325562},"size":6.811221122741699,"orthographic":true}